<?xml version="1.0" encoding="UTF-8" ?>

<!DOCTYPE sqlMapConfig      
    PUBLIC "-//ibatis.apache.org//DTD SQL Map Config 2.0//EN"      
    "http://ibatis.apache.org/dtd/sql-map-config-2.dtd">

<sqlMapConfig>

	<properties resource="db.properties"/>
	<settings cacheModelsEnabled="true"/>
	
  <!-- Configure a built-in transaction manager.  If you're using an 
       app server, you probably want to use its transaction manager 
       and a managed datasource -->
<!--
  <transactionManager type="JDBC" commitRequired="false">
    <dataSource type="SIMPLE">
      <property name="JDBC.Driver" value="${jdbc.driver}"/>
      <property name="JDBC.ConnectionURL" value="${jdbc.connectionURL}"/>
      <property name="JDBC.Username" value="${jdbc.user}"/>
      <property name="JDBC.Password" value="${jdbc.password}"/>
      <property name="Pool.MaximumActiveConnections" value="${jdbc.max}"/>
    </dataSource>
  </transactionManager>
-->
  <transactionManager type="JDBC" commitRequired="true">
    <dataSource type="DBCP">
      <property name="driverClassName" value="${jdbc.driver}"/>
      <property name="url" value="${jdbc.connectionURL}"/>
      <property name="username" value="${jdbc.user}"/>
      <property name="password" value="${jdbc.password}"/>
      <!-- OPTIONAL PROPERTIES BELOW -->
      <property name="initialSize" value="${jdbc.initialSize}"/>
      <property name="maxActive" value="${jdbc.maxActive}"/>
      <property name="maxIdle" value="${jdbc.maxIdle}"/>
      <property name="maxWait" value="${jdbc.maxWait}"/>
      <property name="poolPreparedStatements" value="true"/>
      <property name="validationQuery" value="select 0 "/>
      <property name="testOnBorrow" value="true"/>
      <property name="logAbandoned" value="false"/>
      <property name="removeAbandoned" value="false"/>
      <property name="removeAbandonedTimeout" value="50000"/>
    </dataSource>
  </transactionManager>

<!-- List the SQL Map XML files. They can be loaded from the 
       classpath, as they are here (com.domain.data...) -->
  <sqlMap resource="sqlmap.xml"/>
  

</sqlMapConfig>
