<?xml version="1.0" encoding="UTF-8" ?>

<!DOCTYPE struts-config PUBLIC
          "-//Apache Software Foundation//DTD Struts Configuration 1.3//EN"
          "http://struts.apache.org/dtds/struts-config_1_3.dtd">

<struts-config>

	<form-beans>
		<form-bean name="loginForm" type="com.alumax.gw.controller.actionform.LoginActionForm"></form-bean>
		<form-bean name="memberForm" type="com.alumax.gw.controller.actionform.MemberActionForm"></form-bean>
		<form-bean name="listForm" type="com.alumax.gw.controller.actionform.ListForm"></form-bean>
	</form-beans>

	<global-forwards>
		<forward name="index" path="/index.do" module="" redirect="true"></forward>
		<forward name="common_exception" path="rbook.common.exception" module="" redirect="true"></forward>
	</global-forwards>


	<action-mappings>
	
		<action path="/index" 
				forward="/admin/index.jsp">
		</action>

		<!--로그인 처리 Action-->
		<action path="/login" type="com.alumax.gw.controller.action.MemberLoginAction" 
				name="loginForm" scope="request" validate="true" input="login_fail">
				<forward name="success" path="/admin/main.jsp" redirect="false"></forward>
				<forward name="login_fail" path="/admin/index.jsp" redirect="false"></forward>
		</action>
		

		<!--로그아웃 처리 Action-->
		<action path="/logout" type="com.alumax.gw.controller.action.MemberLogoutAction">
				<forward name="goHome" path="/index.do" module="" redirect="true"></forward>
		</action>

	
	</action-mappings>

	<!--Controller -->
	<controller contentType="text/html;charset=EUC-KR" nocache="true"
		maxFileSize="2M" inputForward="true"
		processorClass="org.apache.struts.tiles.TilesRequestProcessor" />

	<message-resources parameter="MessageResources" />

	<plug-in className="org.apache.struts.validator.ValidatorPlugIn">
	    <set-property
	        property="pathnames"
	        value="/org/apache/struts/validator/validator-rules.xml,
	               /WEB-INF/validation.xml"/>
  	</plug-in>
		
	<plug-in className="org.apache.struts.tiles.TilesPlugin">
		<set-property property="definitions-config" value="/WEB-INF/tiles-defs.xml" />
		<set-property property="moduleAware" value="true" />
	</plug-in>
	
</struts-config>

